ambito_nombre_x,embalse_nombre,volumen_medio_10,ambito_nombre_y,porcentaje_medio_10,ambito_nombre,provincia
Cantábrico Occidental,alfilorios,6.300738007380073,Cantábrico Occidental,78.75922509225093,Cantábrico Occidental,Asturias
Cantábrico Occidental,alsa - mediajo,20.47970479704797,Cantábrico Occidental,76.2189667896679,Cantábrico Occidental,Cantabria
Cantábrico Occidental,arbón,35.98708487084871,Cantábrico Occidental,90.8350553505535,Cantábrico Occidental,Asturias
Cantábrico Occidental,"barca, la",24.239852398523986,Cantábrico Occidental,71.2940590405904,Cantábrico Occidental,Asturias
Cantábrico Occidental,"cohilla, la",5.049815498154982,Cantábrico Occidental,42.08223247232472,Cantábrico Occidental,Cantabria
Cantábrico Occidental,doiras,90.76014760147602,Cantábrico Occidental,84.72476014760147,Cantábrico Occidental,Asturias
Cantábrico Occidental,rioseco,3.049382716049383,Cantábrico Occidental,76.23456790123457,Cantábrico Occidental,Asturias
Cantábrico Occidental,salime,186.81918819188192,Cantábrico Occidental,70.23243542435425,Cantábrico Occidental,Asturias
Cantábrico Occidental,somiedo (lagos),2.23,Cantábrico Occidental,37.16546666666667,Cantábrico Occidental,Asturias
Cantábrico Occidental,tanes,28.494464944649447,Cantábrico Occidental,78.7609594095941,Cantábrico Occidental,Asturias
Cantábrico Oriental,añarbe,31.223247232472325,Cantábrico Oriental,76.9081180811808,Cantábrico Oriental,Gipuzkoa
Cantábrico Oriental,ibiur,6.645756457564576,Cantábrico Oriental,83.0719557195572,Cantábrico Oriental,Gipuzkoa
Cantábrico Oriental,ordunte,18.166051660516604,Cantábrico Oriental,82.57263837638376,Cantábrico Oriental,Burgos
Cantábrico Oriental,san antón,4.706642066420664,Cantábrico Oriental,94.13284132841328,Cantábrico Oriental,Navarra
Cuenca Mediterránea Andaluza,benínar,8.138376383763838,Cuenca Mediterránea Andaluza,13.010535055350553,Cuenca Mediterránea Andaluza,Almería
Cuenca Mediterránea Andaluza,béznar,39.40959409594096,Cuenca Mediterránea Andaluza,74.35780442804428,Cuenca Mediterránea Andaluza,Granada
Cuenca Mediterránea Andaluza,casasola,11.79520295202952,Cuenca Mediterránea Andaluza,52.58780442804428,Cuenca Mediterránea Andaluza,Málaga
Cuenca Mediterránea Andaluza,charco redondo,44.33210332103321,Cuenca Mediterránea Andaluza,54.06367158671586,Cuenca Mediterránea Andaluza,Cádiz
Cuenca Mediterránea Andaluza,concepción,44.079335793357934,Cuenca Mediterránea Andaluza,71.09584870848708,Cuenca Mediterránea Andaluza,Málaga
Cuenca Mediterránea Andaluza,conde guadalhorce,42.21955719557196,Cuenca Mediterránea Andaluza,63.96878228782288,Cuenca Mediterránea Andaluza,Málaga
Cuenca Mediterránea Andaluza,cuevas de almanzora,19.562730627306273,Cuenca Mediterránea Andaluza,12.150276752767528,Cuenca Mediterránea Andaluza,Almería
Cuenca Mediterránea Andaluza,guadalhorce-guadalteba,197.26383763837637,Cuenca Mediterránea Andaluza,70.7039852398524,Cuenca Mediterránea Andaluza,Málaga
Cuenca Mediterránea Andaluza,guadarranque,55.76383763837639,Cuenca Mediterránea Andaluza,63.3681180811808,Cuenca Mediterránea Andaluza,Cádiz
Cuenca Mediterránea Andaluza,limonero,10.861623616236162,Cuenca Mediterránea Andaluza,46.93285977859779,Cuenca Mediterránea Andaluza,Málaga
Cuenca Mediterránea Andaluza,rules,82.42988929889299,Cuenca Mediterránea Andaluza,74.26088560885609,Cuenca Mediterránea Andaluza,Granada
Cuenca Mediterránea Andaluza,"viñuela, la",84.0129151291513,Cuenca Mediterránea Andaluza,50.91690036900369,Cuenca Mediterránea Andaluza,Málaga
Cuencas Internas de Cataluña,boadella,39.53690036900369,Cuencas Internas de Cataluña,64.81440959409593,Cuencas Internas de Cataluña,Girona
Cuencas Internas de Cataluña,catllar,2.090909090909091,Cuencas Internas de Cataluña,3.544090909090909,Cuencas Internas de Cataluña,Tarragona
Cuencas Internas de Cataluña,la baells,88.68819188191883,Cuencas Internas de Cataluña,81.36584870848709,Cuencas Internas de Cataluña,Barcelona
Cuencas Internas de Cataluña,la llosa del cavall,64.4280442804428,Cuencas Internas de Cataluña,80.5350553505535,Cuencas Internas de Cataluña,Lleida
Cuencas Internas de Cataluña,riudecanyes,2.485239852398524,Cuencas Internas de Cataluña,49.70479704797048,Cuencas Internas de Cataluña,Tarragona
Cuencas Internas de Cataluña,sant pons,22.30811808118081,Cuencas Internas de Cataluña,92.9509778597786,Cuencas Internas de Cataluña,Lleida
Cuencas Internas de Cataluña,sau,116.880073800738,Cuencas Internas de Cataluña,70.83653136531366,Cuencas Internas de Cataluña,Barcelona
Cuencas Internas de Cataluña,susqueda,184.6771217712177,Cuencas Internas de Cataluña,79.26042435424354,Cuencas Internas de Cataluña,Girona
Cuencas Internas del País Vasco,ibai-eder,9.011070110701107,Cuencas Internas del País Vasco,81.92046125461255,Cuencas Internas del País Vasco,Gipuzkoa
Cuencas Internas del País Vasco,urkulu,8.470479704797048,Cuencas Internas del País Vasco,84.70479704797047,Cuencas Internas del País Vasco,Gipuzkoa
Duero,"agavanzal, nª sª de",29.916974169741696,Duero,83.10322878228781,Duero,Zamora
Duero,aguilar,135.3560885608856,Duero,54.80014760147601,Duero,Palencia
Duero,aldeadávila,107.14944649446494,Duero,93.94608856088561,Duero,Salamanca
Duero,almendra,1704.3136531365315,Duero,64.41335793357933,Duero,Salamanca
Duero,arlanzón,17.56088560885609,Duero,79.82232472324722,Duero,Burgos
Duero,barrios de luna,176.0590405904059,Duero,57.16177121771218,Duero,León
Duero,burgomillodo,10.153136531365314,Duero,72.52232472324722,Duero,Segovia
Duero,camporredondo,36.92988929889299,Duero,52.75675276752767,Duero,Palencia
Duero,casares de arbas,23.173431734317344,Duero,62.630535055350556,Duero,León
Duero,castro,24.361623616236162,Duero,90.4158856088561,Duero,Zamora
Duero,castro de las cogotas,33.29520295202952,Duero,56.43273062730628,Duero,Ávila
Duero,cernadilla,120.30627306273063,Duero,47.178856088560885,Duero,Zamora
Duero,cervera,6.178966789667896,Duero,61.52963099630996,Duero,Palencia
Duero,compuerto,54.56642066420664,Duero,57.4379520295203,Duero,Palencia
Duero,cuerda del pozo,165.09409594095942,Duero,66.30278597785978,Duero,Soria
Duero,linares del arroyo,34.15129151291513,Duero,61.93636531365314,Duero,Segovia
Duero,"pontón alto, el",6.199261992619927,Duero,88.56077490774908,Duero,Segovia
Duero,porma-(juan benet),190.05535055350555,Duero,59.765645756457566,Duero,León
Duero,puente porto,6.243542435424354,Duero,27.145664206642063,Duero,Zamora
Duero,requejada,31.149446494464943,Duero,47.238265682656824,Duero,Palencia
Duero,riaño,408.43173431734317,Duero,63.602343173431734,Duero,León
Duero,ricobayo,635.0848708487085,Duero,55.361752767527676,Duero,Zamora
Duero,rábanos,8.0,Duero,100.0,Duero,Soria
Duero,san josé,6.0,Duero,100.0,Duero,Valladolid
Duero,santa teresa,337.8948339483395,Duero,68.12398523985239,Duero,Salamanca
Duero,saucelle,175.94280442804427,Duero,97.20682656826568,Duero,Salamanca
Duero,serones,3.876383763837638,Duero,64.60621771217713,Duero,Ávila
Duero,valparaíso,151.7952029520295,Duero,90.03191881918819,Duero,Zamora
Duero,"vencías, las",4.6642066420664205,Duero,93.28413284132841,Duero,Segovia
Duero,villagonzalo,6.0,Duero,100.0,Duero,Salamanca
Duero,villalcampo,61.59040590405904,Duero,93.31669741697418,Duero,Zamora
Duero,villameca,10.85239852398524,Duero,54.2619926199262,Duero,León
Duero,águeda,13.603321033210332,Duero,61.52571955719558,Duero,Salamanca
Duero,úzquiza,48.49815498154982,Duero,64.66435424354243,Duero,Valladolid
Ebro,albiña,3.6014760147601477,Ebro,72.02952029520296,Ebro,Álava
Ebro,alcañiz (estanca),5.084870848708487,Ebro,72.63974169741697,Ebro,Teruel
Ebro,alloz,41.91881918819188,Ebro,63.51321033210331,Ebro,Navarra
Ebro,barasona,59.17158671586716,Ebro,69.61345018450184,Ebro,Huesca
Ebro,baserca,12.691881918819188,Ebro,57.69027675276753,Ebro,Huesca
Ebro,búbal,32.32841328413284,Ebro,50.85232472324723,Ebro,Huesca
Ebro,calanda,31.079335793357934,Ebro,57.55415129151291,Ebro,Teruel
Ebro,camarasa,95.70664206642067,Ebro,70.54566420664207,Ebro,Lleida
Ebro,canelles,445.76014760147604,Ebro,65.64929889298892,Ebro,Huesca
Ebro,caspe,42.81180811808118,Ebro,52.209372693726934,Ebro,Zaragoza
Ebro,cavallers,9.653136531365314,Ebro,60.33210332103321,Ebro,Lleida
Ebro,certescáns,11.97970479704797,Ebro,74.87315498154982,Ebro,Lleida
Ebro,ciurana,7.885608856088561,Ebro,65.71413284132841,Ebro,Tarragona
Ebro,cueva foradada,14.134686346863468,Ebro,64.24809963099631,Ebro,Teruel
Ebro,ebro,368.8708487084871,Ebro,68.18324723247233,Ebro,Cantabria
Ebro,enciso,24.32941176470588,Ebro,52.89070588235294,Ebro,La Rioja
Ebro,escales,109.9649446494465,Ebro,72.34525830258302,Ebro,Huesca
Ebro,eúgui,15.99630996309963,Ebro,76.17178966789668,Ebro,Navarra
Ebro,gonzález lacasa,19.566420664206642,Ebro,59.2919926199262,Ebro,La Rioja
Ebro,"grado, el",345.22878228782287,Ebro,86.42590405904059,Ebro,Huesca
Ebro,guiamets,5.343173431734317,Ebro,53.43173431734317,Ebro,Tarragona
Ebro,ip,2.6531365313653135,Ebro,53.06273062730627,Ebro,Huesca
Ebro,irabia,8.789667896678967,Ebro,62.7830627306273,Ebro,Navarra
Ebro,itoiz,252.47970479704796,Ebro,60.54686346863469,Ebro,Navarra
Ebro,lanuza,9.498154981549815,Ebro,55.871937269372694,Ebro,Huesca
Ebro,las fitas,6.962809917355372,Ebro,77.36623966942149,Ebro,Huesca
Ebro,laverné,26.25206611570248,Ebro,69.08495867768596,Ebro,Zaragoza
Ebro,lechago,9.823529411764707,Ebro,54.57870588235295,Ebro,Teruel
Ebro,llauset,11.044280442804428,Ebro,64.96680811808119,Ebro,Huesca
Ebro,loteta (la),36.586715867158674,Ebro,35.17963099630997,Ebro,Zaragoza
Ebro,maidevera,12.285977859778598,Ebro,61.42988929889299,Ebro,Zaragoza
Ebro,mansilla,42.83394833948339,Ebro,62.99151291512916,Ebro,La Rioja
Ebro,mediano,256.48339483394835,Ebro,58.882601476014756,Ebro,Huesca
Ebro,mequinenza,1191.018450184502,Ebro,77.644963099631,Ebro,Zaragoza
Ebro,moneva,2.488929889298893,Ebro,31.111623616236162,Ebro,Zaragoza
Ebro,monteagudo,4.527675276752768,Ebro,45.276752767527675,Ebro,Soria
Ebro,montearagón,11.705882352941176,Ebro,22.509999999999998,Ebro,Huesca
Ebro,nagore,4.694117647058824,Ebro,93.88235294117646,Ebro,Navarra
Ebro,oliana,58.343173431734314,Ebro,68.51038745387453,Ebro,Lleida
Ebro,pajares,19.380073800738007,Ebro,55.371697416974165,Ebro,La Rioja
Ebro,parras (las),4.0,Ebro,80.0,Ebro,Teruel
Ebro,pena,12.326568265682656,Ebro,68.4809778597786,Ebro,Teruel
Ebro,"peña, la",11.525830258302584,Ebro,76.8390221402214,Ebro,Huesca
Ebro,puente de santolea,14.698347107438016,Ebro,81.65727272727273,Ebro,Teruel
Ebro,rialb,284.309963099631,Ebro,70.37356088560885,Ebro,Lleida
Ebro,ribarroja,201.30442804428046,Ebro,95.85964944649446,Ebro,Tarragona
Ebro,sallente,1.9612546125461254,Ebro,32.68763837638377,Ebro,Lleida
Ebro,san bartolomé,1.8099630996309963,Ebro,30.167638376383763,Ebro,Zaragoza
Ebro,san lorenzo,9.0,Ebro,90.0,Ebro,La Rioja
Ebro,san salvador,120.89411764705882,Ebro,88.24270588235294,Ebro,Huesca
Ebro,santa ana,150.22878228782287,Ebro,63.38776752767527,Ebro,Huesca
Ebro,santa maría de belsué,1.8929889298892988,Ebro,13.51950184501845,Ebro,Huesca
Ebro,santolea,27.59040590405904,Ebro,47.607177121771215,Ebro,Teruel
Ebro,sistema aguas limpias,8.559040590405903,Ebro,47.55066420664207,Ebro,Huesca
Ebro,sistema alto caldarés,7.357933579335794,Ebro,40.8769926199262,Ebro,Huesca
Ebro,sistema capdella,30.0,Ebro,60.0,Ebro,Lleida
Ebro,sistema escarra,2.918819188191882,Ebro,58.37638376383764,Ebro,Huesca
Ebro,sistema lagos espot,8.924354243542435,Ebro,89.24354243542436,Ebro,Lleida
Ebro,sistema valle de arán,11.891143911439114,Ebro,52.61361623616236,Ebro,Lleida
Ebro,sobrón,17.61070110701107,Ebro,88.05350553505535,Ebro,Burgos
Ebro,sotonera,134.71033210332104,Ebro,71.27562730627307,Ebro,Huesca
Ebro,terradets,26.088560885608857,Ebro,94.79226937269374,Ebro,Lleida
Ebro,terroba,1.0,Ebro,12.5,Ebro,La Rioja
Ebro,"torcas, las",4.090405904059041,Ebro,58.433763837638374,Ebro,Zaragoza
Ebro,"tranquera, la",49.343173431734314,Ebro,59.562490774907744,Ebro,Zaragoza
Ebro,tremp ó talárn,146.53136531365314,Ebro,68.14745387453874,Ebro,Lleida
Ebro,ullivarri,114.31180811808117,Ebro,78.2961070110701,Ebro,Álava
Ebro,urdalur,4.398523985239852,Ebro,74.88267527675278,Ebro,Navarra
Ebro,urdiceto,1.992619926199262,Ebro,39.85239852398524,Ebro,Huesca
Ebro,urrunaga,51.17158671586716,Ebro,71.07182656826568,Ebro,Álava
Ebro,vadiello,10.916974169741698,Ebro,68.23108856088561,Ebro,Huesca
Ebro,"val, el",17.824723247232473,Ebro,74.26953874538745,Ebro,Zaragoza
Ebro,valdepatao,0.9529411764705882,Ebro,15.885529411764708,Ebro,Huesca
Ebro,yesa,282.84132841328415,Ebro,63.27533210332104,Ebro,Navarra
Galicia Costa,barrie de la maza,15.444649446494465,Galicia Costa,49.82125461254612,Galicia Costa,La Coruña
Galicia Costa,cecebre,15.136531365313653,Galicia Costa,68.80265682656827,Galicia Costa,La Coruña
Galicia Costa,eiras,19.26568265682657,Galicia Costa,87.57101476014759,Galicia Costa,Pontevedra
Galicia Costa,eume,102.72878228782288,Galicia Costa,83.5190221402214,Galicia Costa,La Coruña
Galicia Costa,fervenza,62.78044280442804,Galicia Costa,60.951974169741696,Galicia Costa,La Coruña
Galicia Costa,"forcadas, as",8.636531365313653,Galicia Costa,78.5159594095941,Galicia Costa,La Coruña
Galicia Costa,portodemouros,215.93542435424354,Galicia Costa,72.70557195571955,Galicia Costa,Pontevedra
Galicia Costa,"ribeira, a",25.784132841328415,Galicia Costa,78.13535055350553,Galicia Costa,La Coruña
Galicia Costa,riocobo,4.125461254612546,Galicia Costa,68.75940959409594,Galicia Costa,Lugo
Galicia Costa,sta uxia,13.821033210332104,Galicia Costa,76.78326568265682,Galicia Costa,La Coruña
Galicia Costa,villagudín,14.6309963099631,Galicia Costa,81.2830811808118,Galicia Costa,La Coruña
Guadalete-Barbate,almodóvar,3.525830258302583,Guadalete-Barbate,58.7630073800738,Guadalete-Barbate,Cádiz
Guadalete-Barbate,arcos de la frontera,13.25830258302583,Guadalete-Barbate,94.70394833948339,Guadalete-Barbate,Cádiz
Guadalete-Barbate,barbate,127.10885608856088,Guadalete-Barbate,55.749391143911446,Guadalete-Barbate,Cádiz
Guadalete-Barbate,bornos,100.36162361623616,Guadalete-Barbate,50.18081180811808,Guadalete-Barbate,Cádiz
Guadalete-Barbate,celemín,25.105166051660518,Guadalete-Barbate,56.00372693726937,Guadalete-Barbate,Cádiz
Guadalete-Barbate,guadalcacín ii,489.01660516605165,Guadalete-Barbate,61.126900369003685,Guadalete-Barbate,Cádiz
Guadalete-Barbate,"hurones, los",89.52029520295203,Guadalete-Barbate,66.31149446494466,Guadalete-Barbate,Cádiz
Guadalete-Barbate,zahara-el gastor,161.73247232472326,Guadalete-Barbate,72.5260701107011,Guadalete-Barbate,Cádiz
Guadalquivir,agrio (aznalcollar),13.72140221402214,Guadalquivir,68.6070110701107,Guadalquivir,Sevilla
Guadalquivir,aguascebas,4.642066420664206,Guadalquivir,77.36835793357933,Guadalquivir,Jaén
Guadalquivir,alcalá del río,17.0,Guadalquivir,85.0,Guadalquivir,Sevilla
Guadalquivir,aracena,91.47970479704797,Guadalquivir,71.6479335793358,Guadalquivir,Huelva
Guadalquivir,arenoso,83.05535055350553,Guadalquivir,49.733856088560884,Guadalquivir,Córdoba
Guadalquivir,bembézar,209.12730627306274,Guadalquivir,61.14826568265683,Guadalquivir,Córdoba
Guadalquivir,bermejales,61.7140221402214,Guadalquivir,59.91660516605166,Guadalquivir,Granada
Guadalquivir,"bolera, la",26.178966789667896,Guadalquivir,49.39442804428044,Guadalquivir,Jaén
Guadalquivir,"breña ii, la",424.38376383763836,Guadalquivir,51.56535055350554,Guadalquivir,Córdoba
Guadalquivir,cala,28.642066420664207,Guadalquivir,48.54559040590406,Guadalquivir,Sevilla
Guadalquivir,canales,45.92250922509225,Guadalquivir,65.6039483394834,Guadalquivir,Granada
Guadalquivir,cantillana,14.0,Guadalquivir,100.0,Guadalquivir,Sevilla
Guadalquivir,"carpio, el",17.307692307692307,Guadalquivir,96.15076923076923,Guadalquivir,Córdoba
Guadalquivir,colomera,23.09040590405904,Guadalquivir,57.7260147601476,Guadalquivir,Granada
Guadalquivir,cordobilla,33.0,Guadalquivir,100.0,Guadalquivir,Córdoba
Guadalquivir,cubillas,12.361623616236162,Guadalquivir,68.74387453874539,Guadalquivir,Granada
Guadalquivir,derivación retortillo,3.9615384615384617,Guadalquivir,99.03846153846153,Guadalquivir,Córdoba
Guadalquivir,doña aldonza,23.0,Guadalquivir,100.0,Guadalquivir,Jaén
Guadalquivir,el portillo,27.518450184501845,Guadalquivir,83.39070110701107,Guadalquivir,Granada
Guadalquivir,encinarejo,12.23076923076923,Guadalquivir,81.53884615384617,Guadalquivir,Jaén
Guadalquivir,"fernandina, la",135.73616236162363,Guadalquivir,55.402490774907754,Guadalquivir,Jaén
Guadalquivir,francisco abellán,30.092250922509226,Guadalquivir,51.88313653136532,Guadalquivir,Granada
Guadalquivir,fresneda,8.84870848708487,Guadalquivir,68.06726937269373,Guadalquivir,Ciudad Real
Guadalquivir,gergal,28.570110701107012,Guadalquivir,81.6290036900369,Guadalquivir,Sevilla
Guadalquivir,giribaile,221.1328413284133,Guadalquivir,46.554206642066426,Guadalquivir,Jaén
Guadalquivir,guadalmellato,94.11439114391143,Guadalquivir,64.02372693726937,Guadalquivir,Córdoba
Guadalquivir,guadalmena,211.0110701107011,Guadalquivir,60.81022140221402,Guadalquivir,Jaén
Guadalquivir,guadalén,87.23062730627306,Guadalquivir,51.92298892988929,Guadalquivir,Jaén
Guadalquivir,hornachuelos,11.538461538461538,Guadalquivir,96.15461538461538,Guadalquivir,Córdoba
Guadalquivir,huesna,96.119926199262,Guadalquivir,71.19977859778598,Guadalquivir,Sevilla
Guadalquivir,iznájar,552.8081180811809,Guadalquivir,56.35132841328413,Guadalquivir,Córdoba
Guadalquivir,josé torán,65.2140221402214,Guadalquivir,57.71208487084871,Guadalquivir,Sevilla
Guadalquivir,jándula,168.84132841328415,Guadalquivir,52.4349446494465,Guadalquivir,Jaén
Guadalquivir,malpasillo ( jauja ),6.0,Guadalquivir,100.0,Guadalquivir,Córdoba
Guadalquivir,marmolejo,9.153846153846153,Guadalquivir,91.53846153846153,Guadalquivir,Córdoba
Guadalquivir,martín gonzalo,12.378228782287822,Guadalquivir,68.76800738007381,Guadalquivir,Córdoba
Guadalquivir,"melonares, los",157.83579335793357,Guadalquivir,84.85778597785978,Guadalquivir,Sevilla
Guadalquivir,"minilla, la",44.404059040590404,Guadalquivir,76.55881918819188,Guadalquivir,Sevilla
Guadalquivir,montoro,79.23062730627306,Guadalquivir,75.45767527675277,Guadalquivir,Ciudad Real
Guadalquivir,negratín,303.359778597786,Guadalquivir,53.50252767527675,Guadalquivir,Granada
Guadalquivir,pedro marín,18.384615384615383,Guadalquivir,96.7626923076923,Guadalquivir,Jaén
Guadalquivir,"pintado, el",144.03136531365314,Guadalquivir,67.6200922509225,Guadalquivir,Sevilla
Guadalquivir,puebla de cazalla,29.328413284132843,Guadalquivir,39.632656826568265,Guadalquivir,Sevilla
Guadalquivir,puente nuevo,152.3118081180812,Guadalquivir,54.01119926199262,Guadalquivir,Córdoba
Guadalquivir,quiebrajano,17.952029520295202,Guadalquivir,56.10079335793358,Guadalquivir,Jaén
Guadalquivir,quéntar,9.84870848708487,Guadalquivir,70.34747232472326,Guadalquivir,Granada
Guadalquivir,retortillo,39.488929889298895,Guadalquivir,64.73636531365314,Guadalquivir,Córdoba
Guadalquivir,rumblar,70.56088560885608,Guadalquivir,56.00075645756458,Guadalquivir,Jaén
Guadalquivir,san clemente,21.870848708487085,Guadalquivir,18.534464944649446,Guadalquivir,Granada
Guadalquivir,san rafael de navallana,83.77859778597787,Guadalquivir,53.36197416974169,Guadalquivir,Córdoba
Guadalquivir,sierra boyera,26.512915129151292,Guadalquivir,64.66557195571956,Guadalquivir,Córdoba
Guadalquivir,siles,21.312925170068027,Guadalquivir,71.04312925170068,Guadalquivir,Jaén
Guadalquivir,torre del águila,21.077490774907748,Guadalquivir,36.51457564575646,Guadalquivir,Sevilla
Guadalquivir,tranco de beas,302.0959409594096,Guadalquivir,60.66177121771218,Guadalquivir,Jaén
Guadalquivir,vadomojón,88.88929889298893,Guadalquivir,54.53374538745388,Guadalquivir,Córdoba
Guadalquivir,víboras,9.250922509225092,Guadalquivir,48.68909594095941,Guadalquivir,Jaén
Guadalquivir,yeguas,122.92435424354244,Guadalquivir,53.678653136531366,Guadalquivir,Córdoba
Guadalquivir,zocueca,1.0,Guadalquivir,20.0,Guadalquivir,Jaén
Guadalquivir,zufre,133.22693726937268,Guadalquivir,76.12979704797047,Guadalquivir,Huelva
Guadiana,"aguijón, el",9.863468634686347,Guadiana,89.6689298892989,Guadiana,Badajoz
Guadiana,alange,424.76937269372695,Guadiana,49.855940959409594,Guadiana,Badajoz
Guadiana,alcollarín,13.272727272727273,Guadiana,25.523636363636363,Guadiana,Cáceres
Guadiana,andévalo,466.6005025125628,Guadiana,73.5960552763819,Guadiana,Huelva
Guadiana,boquerón,4.5,Guadiana,75.00035055350554,Guadiana,Badajoz
Guadiana,brovales,5.4206642066420665,Guadiana,77.43680811808117,Guadiana,Badajoz
Guadiana,búrdalo,14.969696969696969,Guadiana,18.95151515151515,Guadiana,Cáceres
Guadiana,canchales,17.854243542435423,Guadiana,68.66950184501846,Guadiana,Badajoz
Guadiana,cancho del fresno,11.029520295202952,Guadiana,73.52985239852399,Guadiana,Cáceres
Guadiana,castilseras,4.425992779783393,Guadiana,88.51985559566786,Guadiana,Ciudad Real
Guadiana,chanza,197.8690036900369,Guadiana,58.026125461254615,Guadiana,Huelva
Guadiana,cijara,795.2749077490774,Guadiana,52.84236162361624,Guadiana,Badajoz
Guadiana,cornalbo,1.1642066420664208,Guadiana,10.582638376383764,Guadiana,Badajoz
Guadiana,cubilar,3.819188191881919,Guadiana,38.191881918819185,Guadiana,Cáceres
Guadiana,el vicario,14.974169741697416,Guadiana,46.79389298892989,Guadiana,Ciudad Real
Guadiana,garcía de sola,312.2472324723247,Guadiana,56.362250922509226,Guadiana,Badajoz
Guadiana,gargáligas,14.525830258302584,Guadiana,69.170110701107,Guadiana,Badajoz
Guadiana,gasset,17.863468634686345,Guadiana,42.53138376383764,Guadiana,Ciudad Real
Guadiana,horno tejero,20.79520295202952,Guadiana,86.64667896678966,Guadiana,Badajoz
Guadiana,la cabezuela,23.522140221402214,Guadiana,54.70226937269373,Guadiana,Ciudad Real
Guadiana,la serena,1772.8856088560885,Guadiana,55.07568265682657,Guadiana,Badajoz
Guadiana,llerena,7.239852398523985,Guadiana,80.44472324723247,Guadiana,Badajoz
Guadiana,los molinos,28.756457564575644,Guadiana,84.57832103321033,Guadiana,Badajoz
Guadiana,montijo,9.81549815498155,Guadiana,89.23177121771218,Guadiana,Badajoz
Guadiana,nogales,12.511070110701107,Guadiana,83.40715867158671,Guadiana,Badajoz
Guadiana,orellana,581.5590405904059,Guadiana,71.97479704797047,Guadiana,Badajoz
Guadiana,peñarroya,39.71955719557196,Guadiana,78.51503690036901,Guadiana,Ciudad Real
Guadiana,piedra aguda,10.763837638376383,Guadiana,67.2739852398524,Guadiana,Badajoz
Guadiana,proserpina,4.049815498154982,Guadiana,83.5239852398524,Guadiana,Badajoz
Guadiana,pto. vallehermoso,5.354243542435424,Guadiana,76.48763837638377,Guadiana,Ciudad Real
Guadiana,ruecas,30.2380073800738,Guadiana,68.72273062730628,Guadiana,Cáceres
Guadiana,sierra brava,150.45940959409594,Guadiana,64.57487084870849,Guadiana,Cáceres
Guadiana,tentudia,3.3339483394833946,Guadiana,66.6789667896679,Guadiana,Badajoz
Guadiana,torre de abrahán,73.93542435424354,Guadiana,40.401771217712174,Guadiana,Ciudad Real
Guadiana,valuengo,14.881918819188192,Guadiana,74.40959409594096,Guadiana,Badajoz
Guadiana,vega del jabalón,16.29520295202952,Guadiana,47.92726937269373,Guadiana,Ciudad Real
Guadiana,villalba de los barros,77.63636363636364,Guadiana,73.23939393939395,Guadiana,Badajoz
Guadiana,villar del rey,89.61439114391143,Guadiana,68.4088745387454,Guadiana,Badajoz
Guadiana,zújar,242.760147601476,Guadiana,80.14926199261993,Guadiana,Badajoz
Júcar,alarcón,562.5848708487085,Júcar,50.320590405904056,Júcar,Cuenca
Júcar,algar,0.1992619926199262,Júcar,3.3216236162361628,Júcar,Valencia
Júcar,amadorio,6.828413284132841,Júcar,42.67758302583026,Júcar,Alicante
Júcar,arenós,58.02767527675277,Júcar,42.358653136531366,Júcar,Castellón
Júcar,arquillo de san blas,15.01660516605166,Júcar,71.5070295202952,Júcar,Teruel
Júcar,bellús,12.398523985239853,Júcar,17.968708487084868,Júcar,Valencia
Júcar,benagéber,116.82472324723247,Júcar,52.8619926199262,Júcar,Valencia
Júcar,beniarrés,14.44280442804428,Júcar,53.4920479704797,Júcar,Alicante
Júcar,buseo,3.208487084870849,Júcar,40.10608856088561,Júcar,Valencia
Júcar,contreras,234.28966789667896,Júcar,38.1610147601476,Júcar,Valencia
Júcar,cortes ii,107.6309963099631,Júcar,91.21357933579336,Júcar,Valencia
Júcar,el naranjero,20.79889298892989,Júcar,71.72071955719557,Júcar,Valencia
Júcar,escalona,4.990774907749078,Júcar,5.040682656826568,Júcar,Valencia
Júcar,forata,9.771217712177123,Júcar,26.409428044280443,Júcar,Valencia
Júcar,guadalest,7.143911439114391,Júcar,54.95392988929889,Júcar,Alicante
Júcar,la muela,11.457564575645756,Júcar,57.28782287822878,Júcar,Valencia
Júcar,la toba,5.27859778597786,Júcar,52.7859778597786,Júcar,Cuenca
Júcar,loriguilla,22.0,Júcar,30.139446494464945,Júcar,Valencia
Júcar,maría cristina,5.402214022140221,Júcar,30.01308118081181,Júcar,Castellón
Júcar,regajo,3.8284132841328415,Júcar,63.80623616236163,Júcar,Castellón
Júcar,sichar,33.51291512915129,Júcar,68.39367158671587,Júcar,Castellón
Júcar,tous - la ribera,109.8210332103321,Júcar,28.98583025830258,Júcar,Valencia
Júcar,ulldecona,5.627306273062731,Júcar,51.15787822878229,Júcar,Castellón
Miño - Sil,albarellos,39.101476014760145,Miño - Sil,42.968597785977856,Miño - Sil,Orense
Miño - Sil,bao,171.56457564575646,Miño - Sil,72.08599630996311,Miño - Sil,Orense
Miño - Sil,belesar,384.2656826568266,Miño - Sil,58.666568265682656,Miño - Sil,Lugo
Miño - Sil,bárcena,201.50738007380073,Miño - Sil,59.09313653136531,Miño - Sil,León
Miño - Sil,"campañana, la",8.902214022140221,Miño - Sil,63.58736162361623,Miño - Sil,León
Miño - Sil,castrelo,52.05166051660517,Miño - Sil,86.75254612546125,Miño - Sil,Orense
Miño - Sil,cenza,23.673431734317344,Miño - Sil,59.18357933579336,Miño - Sil,Orense
Miño - Sil,chandrexa,35.21217712177122,Miño - Sil,57.72483394833949,Miño - Sil,Orense
Miño - Sil,"conchas, las",45.3690036900369,Miño - Sil,56.71125461254613,Miño - Sil,Orense
Miño - Sil,edrada-mao,7.3966789667896675,Miño - Sil,52.833431734317344,Miño - Sil,Orense
Miño - Sil,frieira,39.035055350553506,Miño - Sil,88.71581180811809,Miño - Sil,Pontevedra
Miño - Sil,guístolas,3.2490774907749076,Miño - Sil,64.98154981549816,Miño - Sil,Orense
Miño - Sil,matalavilla,34.549815498154985,Miño - Sil,53.153357933579336,Miño - Sil,León
Miño - Sil,montefurado,9.25830258302583,Miño - Sil,92.58302583025831,Miño - Sil,Lugo
Miño - Sil,"peares, os",174.9188191881919,Miño - Sil,96.10725092250922,Miño - Sil,Lugo
Miño - Sil,peñarrubia,11.119926199261993,Miño - Sil,85.54075645756458,Miño - Sil,Orense
Miño - Sil,"portas, las",361.6845018450185,Miño - Sil,67.47832103321034,Miño - Sil,Orense
Miño - Sil,prada,87.20479704797047,Miño - Sil,71.4790405904059,Miño - Sil,Orense
Miño - Sil,pías (san agustín),6.24169741697417,Miño - Sil,62.4169741697417,Miño - Sil,Orense
Miño - Sil,"rozas, las",14.14760147601476,Miño - Sil,50.527121771217715,Miño - Sil,León
Miño - Sil,salas,38.313653136531364,Miño - Sil,44.039354243542434,Miño - Sil,Orense
Miño - Sil,san martiño,8.948339483394834,Miño - Sil,89.48339483394834,Miño - Sil,Lugo
Miño - Sil,san pedro,4.583025830258302,Miño - Sil,76.38142066420663,Miño - Sil,Orense
Miño - Sil,san sebastián,24.990774907749078,Miño - Sil,54.327896678966795,Miño - Sil,Zamora
Miño - Sil,san. estevo,180.3579335793358,Miño - Sil,84.67481549815498,Miño - Sil,Orense
Miño - Sil,santa eulalia,7.780442804428044,Miño - Sil,77.80442804428044,Miño - Sil,Orense
Miño - Sil,sequeiros,10.005535055350553,Miño - Sil,90.96031365313652,Miño - Sil,Lugo
Miño - Sil,velle,13.44280442804428,Miño - Sil,79.07440959409594,Miño - Sil,Lugo
Miño - Sil,vilasouto,11.876383763837639,Miño - Sil,56.55409594095941,Miño - Sil,Lugo
Segura,alfonso xiii,5.415129151291513,Segura,24.614723247232472,Segura,Murcia
Segura,algeciras,16.273062730627306,Segura,36.162656826568266,Segura,Murcia
Segura,anchuricas,5.2749077490774905,Segura,87.91345018450184,Segura,Jaén
Segura,argos,6.88929889298893,Segura,68.8929889298893,Segura,Murcia
Segura,camarillas,16.75092250922509,Segura,46.530221402214025,Segura,Albacete
Segura,cenajo,211.16051660516604,Segura,48.320166051660514,Segura,Albacete
Segura,"cierva, la",3.765682656826568,Segura,53.79547970479705,Segura,Murcia
Segura,crevillente,5.350553505535055,Segura,41.158321033210335,Segura,Alicante
Segura,fuensanta,78.22509225092251,Segura,37.250036900369004,Segura,Albacete
Segura,la pedrera,100.63653136531366,Segura,40.90915129151291,Segura,Alicante
Segura,puentes,8.789667896678967,Segura,33.80691881918819,Segura,Murcia
Segura,santomera,2.745387453874539,Segura,10.557730627306274,Segura,Murcia
Segura,taibilla,4.723247232472325,Segura,52.481125461254614,Segura,Albacete
Segura,talave,16.880073800738007,Segura,48.22911439114391,Segura,Albacete
Segura,valdeinfierno,0.7269372693726938,Segura,5.8165682656826565,Segura,Murcia
Tajo,aceña,15.282287822878228,Tajo,63.67614391143912,Tajo,Ávila
Tajo,alcorlo,81.3210332103321,Tajo,45.17837638376384,Tajo,Provincia de Guadalajara
Tajo,alcántara,2091.4317343173434,Tajo,66.18439114391144,Tajo,Cáceres
Tajo,almoguera,5.928044280442805,Tajo,84.68247232472324,Tajo,Provincia de Guadalajara
Tajo,"atance, el",13.300738007380074,Tajo,38.00232472324723,Tajo,Provincia de Guadalajara
Tajo,"atazar, el",329.090405904059,Tajo,77.25121771217712,Tajo,Madrid
Tajo,azután,77.03690036900369,Tajo,68.17540590405903,Tajo,Provincia de Toledo
Tajo,baños,28.08671586715867,Tajo,68.5040590405904,Tajo,Cáceres
Tajo,beleña,34.276752767527675,Tajo,64.6730073800738,Tajo,Provincia de Guadalajara
Tajo,bolarque,26.08671586715867,Tajo,84.15153136531364,Tajo,Cuenca
Tajo,borbollon,50.78782287822878,Tajo,57.713450184501845,Tajo,Cáceres
Tajo,buendía,348.3782287822878,Tajo,20.996439114391144,Tajo,Provincia de Guadalajara
Tajo,burguillo - puente nuevo,120.18634686346863,Tajo,59.793929889298894,Tajo,Ávila
Tajo,castrejón,41.11808118081181,Tajo,93.44942804428045,Tajo,Provincia de Toledo
Tajo,"castro, el",2.095940959409594,Tajo,26.199261992619927,Tajo,Provincia de Toledo
Tajo,cazalegas,6.867158671586716,Tajo,98.10169741697418,Tajo,Provincia de Toledo
Tajo,cedillo,242.80258302583024,Tajo,93.38527675276752,Tajo,Cáceres
Tajo,cáceres - guadiloba,11.485239852398523,Tajo,57.42619926199262,Tajo,Cáceres
Tajo,entrepeñas,261.1734317343173,Tajo,31.60977859778598,Tajo,Provincia de Guadalajara
Tajo,finisterre,22.190036900369005,Tajo,16.68474169741697,Tajo,Provincia de Toledo
Tajo,gabriel y galán,473.8929889298893,Tajo,52.019243542435426,Tajo,Cáceres
Tajo,guajaraz,12.824723247232471,Tajo,71.24872693726937,Tajo,Provincia de Toledo
Tajo,guijo de granadilla,11.40590405904059,Tajo,87.74007380073802,Tajo,Cáceres
Tajo,"jarosa, la",4.57380073800738,Tajo,65.33878228782288,Tajo,Madrid
Tajo,jerte - plasencia,40.04612546125461,Tajo,67.87566420664207,Tajo,Cáceres
Tajo,molino de chincha,5.555350553505535,Tajo,92.58824723247233,Tajo,Cuenca
Tajo,navacerrada,6.590405904059041,Tajo,59.913671586715864,Tajo,Madrid
Tajo,navalcán,24.85239852398524,Tajo,73.09536900369004,Tajo,Provincia de Toledo
Tajo,navamuño,8.99630996309963,Tajo,64.25963099630997,Tajo,Salamanca
Tajo,"pardo, el",13.645756457564575,Tajo,31.734132841328417,Tajo,Madrid
Tajo,picadas,14.404059040590406,Tajo,96.02512915129152,Tajo,Madrid
Tajo,pinilla,27.083025830258304,Tajo,71.27112546125461,Tajo,Madrid
Tajo,portaje,13.821033210332104,Tajo,60.09140221402214,Tajo,Cáceres
Tajo,"portiña, la",1.8745387453874538,Tajo,37.49077490774908,Tajo,Provincia de Toledo
Tajo,puentes viejas,41.32656826568266,Tajo,77.97488929889299,Tajo,Madrid
Tajo,pálmaces,16.343173431734318,Tajo,52.71981549815498,Tajo,Provincia de Guadalajara
Tajo,riosequillo,38.29335793357934,Tajo,76.58671586715867,Tajo,Madrid
Tajo,rivera de gata,32.035055350553506,Tajo,65.3780073800738,Tajo,Cáceres
Tajo,rosarito,51.18081180811808,Tajo,62.41555350553506,Tajo,Provincia de Toledo
Tajo,salor,6.642066420664206,Tajo,47.443228782287825,Tajo,Cáceres
Tajo,san juan,83.87638376383764,Tajo,60.7799446494465,Tajo,Madrid
Tajo,santillana,66.75461254612546,Tajo,73.35653136531364,Tajo,Madrid
Tajo,"tajera, la",23.88929889298893,Tajo,37.3269926199262,Tajo,Provincia de Guadalajara
Tajo,torcón,2.9760147601476015,Tajo,42.514483394833945,Tajo,Provincia de Toledo
Tajo,torrejón (tajo - tietar),164.39114391143912,Tajo,87.4419926199262,Tajo,Cáceres
Tajo,"vado, el",27.127306273062732,Tajo,48.44147601476015,Tajo,Provincia de Guadalajara
Tajo,valdecañas,787.9114391143911,Tajo,54.4889852398524,Tajo,Cáceres
Tajo,valdeobispo,49.06273062730627,Tajo,92.57153136531366,Tajo,Cáceres
Tajo,valmayor,84.06088560885608,Tajo,67.7909409594096,Tajo,Madrid
Tajo,"vellón,el-(pedrezuela)",28.686346863468636,Tajo,69.96658671586715,Tajo,Madrid
Tajo,"villar, el",19.8690036900369,Tajo,86.38629151291514,Tajo,Madrid
"Tinto, Odiel y Piedras",corumbel bajo,11.490774907749078,"Tinto, Odiel y Piedras",60.477896678966786,"Tinto, Odiel y Piedras",Huelva
"Tinto, Odiel y Piedras",jarrama,35.640221402214024,"Tinto, Odiel y Piedras",82.88468634686348,"Tinto, Odiel y Piedras",Huelva
"Tinto, Odiel y Piedras",los machos,8.029520295202952,"Tinto, Odiel y Piedras",66.91278597785978,"Tinto, Odiel y Piedras",Huelva
"Tinto, Odiel y Piedras",odiel,7.007380073800738,"Tinto, Odiel y Piedras",87.59225092250922,"Tinto, Odiel y Piedras",Huelva
"Tinto, Odiel y Piedras",olivargas,28.54612546125461,"Tinto, Odiel y Piedras",98.43466789667896,"Tinto, Odiel y Piedras",Huelva
"Tinto, Odiel y Piedras",piedras,39.67527675276753,"Tinto, Odiel y Piedras",66.12579335793357,"Tinto, Odiel y Piedras",Huelva
"Tinto, Odiel y Piedras",sancho,47.99815498154982,"Tinto, Odiel y Piedras",82.75680811808118,"Tinto, Odiel y Piedras",Huelva
